id,first_name,email
11997,Rodney,rodneyguerra@example.com
26486,Hannah,hannahturner@example.org
56982,Melanie,melaniejacobs@example.net
24509,Donald,donaldwood@example.net
60768,Ralph,ralphmckinney@example.org
93181,Kimberly,kimberlycontreras@example.com
38214,Lisa,lisacherry@example.org
32047,Danielle,daniellebarnes@example.com
88804,Chelsea,chelseabeck@example.com
78653,Robert,robertramos@example.com
32672,Christine,christinemorgan@example.net
35300,Jennifer,jenniferwilson@example.net
9656,Brandon,brandonwilliams@example.net
81438,Luis,luisdickson@example.org
57376,Steven,stevendelgado@example.net
77025,Cheryl,cherylfarrell@example.com
77304,Nicole,nicolehaney@example.net
64013,John,johnsmith@example.com
42879,Brian,brianbarnes@example.com
45798,Sharon,sharonreed@example.org
22613,Christopher,christopherevans@example.org
39744,Devon,devonmorrison@example.net
70569,Jessica,jessicamurphy@example.net
37099,Brian,brianwalsh@example.com
60747,Jessica,jessicaoconnell@example.com
1075,Linda,lindajohnson@example.net
49480,Michael,michaelweaver@example.net
11659,Brent,brentward@example.com
69001,Steven,stevengrant@example.com
93013,Steve,stevewiley@example.com
66999,Leslie,lesliemcknight@example.net
1223,Jeffrey,jeffreyfreeman@example.net
2064,James,jamessmith@example.com
71014,Regina,reginajohnson@example.com
50574,Jesus,jesusmosley@example.org
64021,Sean,seandavis@example.net
83281,Johnny,johnnyturner@example.com
65454,George,georgewade@example.com
97972,Cynthia,cynthiashepard@example.net
26846,Darius,dariusstewart@example.org
39965,Caroline,carolinerichardson@example.com
98708,John,johnthomas@example.com
51409,Stephanie,stephaniemcfarland@example.com
47956,Evan,evanhowell@example.org
63016,David,davidcannon@example.org
48747,Joshua,joshuaellis@example.net
38846,Robert,robertfrench@example.com
62955,Linda,lindajohnson@example.net
4610,Alexander,alexanderjones@example.net
75983,Shannon,shannonperkins@example.net
34820,Thomas,thomashampton@example.net
16250,Wesley,wesleyjackson@example.net
18114,Angela,angelahorne@example.com
80439,Elizabeth,elizabethgreen@example.org
13967,Denise,deniselittle@example.org
38925,Lisa,lisasummers@example.net
11853,Andrew,andrewkim@example.org
30716,Brianna,briannahoover@example.org
7387,Robert,robertgonzalez@example.net
68299,John,johnthompson@example.org
65710,Sherry,sherrymeadows@example.org
21064,Randall,randalljohnston@example.com
90726,Crystal,crystalroman@example.net
6201,Joshua,joshuahayes@example.com
72137,David,davidboyle@example.com
46724,Amanda,amandabenson@example.org
83339,Linda,lindaedwards@example.com
8444,Sean,seanthompson@example.org
10594,Elizabeth,elizabethjones@example.org
88168,Sherry,sherrymiller@example.com
20741,Carla,carlavaughan@example.com
16750,Joseph,josephgriffin@example.net
69901,Suzanne,suzannerose@example.com
7688,Renee,reneesmith@example.com
78054,Paul,paulelliott@example.com
94442,Chad,chadkelly@example.org
71396,Brandon,brandonyoung@example.net
72630,Gregory,gregoryfisher@example.org
84341,Jamie,jamiewilliams@example.net
73425,Dustin,dustingarcia@example.com
59475,Amanda,amandajohnson@example.org
66258,Rebecca,rebeccabaker@example.com
2577,Shawn,shawndoyle@example.net
92282,Joseph,josephjensen@example.org
91788,Jennifer,jennifermathis@example.net
75168,Brittany,brittanyneal@example.com
45828,Todd,toddcampbell@example.org
59529,Tiffany,tiffanymorgan@example.org
91108,Rachel,rachelcarey@example.com
13285,Allen,allendavenport@example.net
44310,Joshua,joshuagrant@example.com
95514,Jackie,jackiemoore@example.net
40034,Randy,randymoore@example.org
63478,Kenneth,kennethjones@example.net
47068,Dana,danaparrish@example.com
92565,Devin,devinbrown@example.org
51519,Deborah,deborahsimmons@example.com
23547,Jeffrey,jeffreylozano@example.org
8388,Ryan,ryanriley@example.net
25988,William,williammoore@example.org
47187,Michael,michaelfloyd@example.net
93061,Paul,paulblake@example.net
84599,Laura,lauramason@example.net
93332,Derrick,derrickmitchell@example.com
841,Jeremy,jeremymartin@example.com
29546,Samantha,samanthaarnold@example.com
80630,Christopher,christopherthompson@example.org
56339,Roger,rogerlynch@example.org
25813,Arthur,arthurcox@example.net
51575,Kristen,kristenharrington@example.com
36951,Kimberly,kimberlywatson@example.net
21717,Anthony,anthonypetersen@example.org
58833,Olivia,oliviahuber@example.com
79823,Tim,timnash@example.org
18224,Marcus,marcusnorton@example.com
52511,Samantha,samanthaburns@example.net
6287,Jeffrey,jeffreystout@example.com
12948,Michael,michaelreyes@example.net
732,Shelly,shellyross@example.com
34048,Stephanie,stephanieweber@example.net
7937,Eric,ericlevine@example.com
268,Alejandra,alejandrajackson@example.com
70197,Tina,tinaruiz@example.net
11976,Linda,lindapena@example.com
52357,Cathy,cathyhughes@example.net
19344,Craig,craigwhite@example.com
52724,Blake,blakebuck@example.org
29718,Teresa,teresavelazquez@example.net
48681,Daisy,daisycrawford@example.org
96638,Eric,ericsanchez@example.net
53274,Sean,seanray@example.org
88502,Thomas,thomasjennings@example.org
38965,Deborah,deborahhill@example.com
38892,Patrick,patrickalvarez@example.net
99551,Emily,emilyquinn@example.net
6162,Laurie,laurieblair@example.com
1847,Curtis,curtissims@example.net
85520,Eric,ericclark@example.org
74961,Caroline,carolinemunoz@example.com
93263,Jacob,jacoblopez@example.com
76349,Charles,charlesbarber@example.org
60323,Aaron,aaronshaffer@example.com
66478,Bryan,bryanbenson@example.org
97586,Sonya,sonyalopez@example.org
61611,Stephen,stephengreene@example.com
81454,Melissa,melissarodriguez@example.com
88803,Walter,waltercarpenter@example.net
5616,Alec,alecgreen@example.com
63976,Richard,richardlamb@example.org
55733,Patricia,patriciadeleon@example.net
10556,Ryan,ryanpratt@example.com
94176,Amy,amywebb@example.net
55452,Jessica,jessicatorres@example.com
58705,Stephen,stephenhartman@example.com
79336,Kim,kimking@example.com
47307,Francisco,franciscodaniels@example.com
23407,Lauren,laurendavis@example.net
58538,Jacqueline,jacquelinecampos@example.net
23442,Megan,meganhebert@example.org
63058,Pamela,pamelahart@example.org
23626,Jodi,jodilee@example.com
25560,Catherine,catherinerivera@example.net
8128,Eric,ericberry@example.com
35260,Craig,craigkaufman@example.com
73613,Andre,andrelowery@example.com
51679,David,davidburton@example.net
58607,Lori,loricarey@example.net
70057,Teresa,teresahudson@example.net
20686,Angel,angelwiggins@example.org
75385,Jamie,jamiearmstrong@example.net
84133,Justin,justinberger@example.net
30347,Jennifer,jennifermiller@example.org
62522,Caitlin,caitlincastillo@example.com
78193,Jason,jasondaniel@example.net
55648,Michael,michaelmullins@example.net
22125,Shawn,shawnreilly@example.org
58036,Troy,troywebb@example.org
13816,Jessica,jessicabates@example.net
2523,Robert,robertarnold@example.org
21691,Dean,deandelacruz@example.org
51716,Michelle,michellesoto@example.com
53244,Alan,alanlindsey@example.net
74055,Johnny,johnnybarrett@example.com
32074,Michelle,michellealvarez@example.org
92749,Kelly,kellyross@example.net
71890,Krista,kristaedwards@example.net
32474,Julia,juliamckinney@example.net
27897,Barry,barryortiz@example.com
82956,Mary,marywilliams@example.com
26621,Patrick,patrickdickerson@example.com
78326,Darin,darinduncan@example.com
64416,Sierra,sierrajones@example.com
37858,Andrea,andreajackson@example.org
65514,Christopher,christophersims@example.com
4654,Chad,chadcarr@example.net
56988,Isaiah,isaiahhoover@example.org
10683,Logan,loganthomas@example.net
19356,Hannah,hannahstafford@example.net
64582,Antonio,antoniojimenez@example.org
55350,Charles,charlesramos@example.org
161,Jessica,jessicascott@example.com
80384,Julia,juliawilliams@example.net
95212,Matthew,matthewjenkins@example.org
10597,Travis,travisherrera@example.com
36800,Jordan,jordangarcia@example.org
29650,Pamela,pamelaowens@example.net
71685,John,johnruiz@example.org
34622,Samuel,samuelbennett@example.org
45739,Joseph,josephdavis@example.net
51499,Nathan,nathanreeves@example.com
46830,Heather,heathernelson@example.org
85476,Craig,craigjones@example.org
69672,Sabrina,sabrinaanderson@example.net
25370,John,johnheath@example.net
32284,Danielle,daniellebarker@example.com
64960,Joyce,joycecoleman@example.org
65079,Taylor,tayloryoung@example.org
5146,Evan,evanjones@example.org
14615,Eddie,eddielogan@example.com
94461,Jennifer,jennifercaldwell@example.org
44707,Sheila,sheilaritter@example.org
30323,Sara,saralara@example.com
3752,Jennifer,jennifermoore@example.net
86839,Melissa,melissawagner@example.org
55667,Lori,loriallen@example.net
22437,Jeffrey,jeffreymartin@example.com
98659,Frank,franksavage@example.com
13593,Kenneth,kennethvilla@example.org
1065,Deborah,deborahhernandez@example.com
6688,Mary,marywilliams@example.com
6768,Brandi,brandilee@example.net
39838,April,aprillewis@example.com
30560,Ryan,ryanmoore@example.net
1240,Brian,briangoodwin@example.org
82120,Ralph,ralphsanchez@example.com
31960,Michelle,michellelewis@example.com
41210,Nancy,nancyhines@example.org
82066,Steven,stevengregory@example.com
5535,Jamie,jamielewis@example.net
6519,Kelsey,kelseycochran@example.com
45140,Michael,michaelking@example.org
39969,Alisha,alishaward@example.com
87351,Carrie,carriethomas@example.org
25372,Jennifer,jenniferkim@example.com
66925,Kathleen,kathleenburns@example.com
54307,Caitlin,caitlinrollins@example.com
15724,Daniel,danieltran@example.com
69423,Brenda,brendabarnett@example.com
43830,Lisa,lisarichardson@example.org
98397,Tracy,tracyhammond@example.org
83428,Wendy,wendybest@example.com
22749,Lauren,laurenthompson@example.org
86634,Matthew,matthewmcguire@example.org
33444,Nicholas,nicholasthompson@example.net
48597,Amy,amykelly@example.net
44988,Ryan,ryanacevedo@example.org
98226,Jaime,jaimeterry@example.com
52378,Michael,michaelanthony@example.org
254,Kimberly,kimberlystrong@example.com
89555,Philip,philipmills@example.org
56205,Kevin,kevinrobinson@example.net
95207,David,davidcox@example.net
67045,Brittany,brittanyyoung@example.org
13184,Melissa,melissachavez@example.com
77318,Eric,ericbecker@example.org
59682,Vanessa,vanessahahn@example.org
1069,Sarah,sarahromero@example.org
68455,Andrea,andreaharper@example.net
80364,Christy,christyfischer@example.org
45420,William,williambarker@example.com
85633,Melissa,melissacontreras@example.com
67369,Joshua,joshuanguyen@example.com
26892,Justin,justinschmidt@example.net
64858,Craig,craigcharles@example.org
54487,Valerie,valeriemoore@example.org
13327,Diana,dianawallace@example.com
98102,Jeremy,jeremyedwards@example.com
63571,Lawrence,lawrencehopkins@example.org
1817,Joel,joelcox@example.net
70971,Nicholas,nicholasobrien@example.org
80922,Blake,blakepatton@example.org
98109,Sandra,sandrastuart@example.net
96053,Bethany,bethanyaustin@example.com
46492,Tara,taraewing@example.com
66770,Alex,alexrowe@example.net
59190,Julie,juliegreene@example.net
54329,Jennifer,jennifergoodman@example.net
77186,Thomas,thomasharris@example.com
6926,Christina,christinachambers@example.net
87358,Latasha,latashaschmidt@example.com
32379,Andrew,andrewlee@example.org
17189,Anthony,anthonybest@example.org
23829,Teresa,teresaclay@example.org
94122,Katrina,katrinaford@example.com
90732,Nathan,nathanhill@example.com
3185,Benjamin,benjaminwallace@example.com
22585,Kristin,kristingriffin@example.org
33913,Laurie,laurieholmes@example.com
59976,Christine,christinekelly@example.org
57573,Mary,marybenitez@example.com
8070,Lori,lorilynn@example.org
51470,Ruben,rubenjohns@example.net
79089,Erin,erindavidson@example.org
81685,Benjamin,benjaminscott@example.org
76577,Elizabeth,elizabethtodd@example.com
85092,Stacy,stacylong@example.org
57695,Christine,christineyoung@example.com
5061,Mitchell,mitchellmoore@example.com
69676,Chase,chasebass@example.com
88656,Amanda,amandahull@example.org
45031,James,jamesharrell@example.org
70082,Abigail,abigailthompson@example.com
89471,Jacob,jacobgonzalez@example.com
89422,Jessica,jessicanelson@example.com
7114,Jeffrey,jeffreyyoung@example.org
58959,Mark,markmiller@example.net
32602,Joel,joelmoore@example.net
1434,Kaitlyn,kaitlynwatson@example.org
36486,Daniel,danielhanna@example.net
43415,Anthony,anthonywhite@example.com
95680,Jason,jasongreene@example.net
15638,Matthew,matthewdelgado@example.net
64661,Bobby,bobbyhenry@example.com
26832,Sandra,sandraadams@example.com
48285,Brooke,brookedean@example.com
21682,Shelley,shelleyjenkins@example.com
50822,Lauren,laurenrios@example.org
55141,Kimberly,kimberlyfaulkner@example.org
3999,Linda,lindabrooks@example.com
59192,Katrina,katrinamcguire@example.com
31291,Pamela,pamelafowler@example.org
19488,Angela,angelathompson@example.net
87751,Debra,debrasherman@example.org
70433,Tina,tinagonzales@example.com
12441,Jennifer,jennifermiller@example.com
46260,Veronica,veronicakrause@example.net
65165,Michaela,michaelasmith@example.org
48830,Regina,reginajohnson@example.com
27461,Jennifer,jenniferjacobson@example.org
90011,Ryan,ryandunn@example.net
65350,Jessica,jessicarodriguez@example.net
39282,Lindsay,lindsayarias@example.com
42482,Lisa,lisawilson@example.com
46717,Kristin,kristinthomas@example.org
36915,Robert,robertalexander@example.org
16654,Erica,ericameyers@example.net
31758,Debra,debrawarren@example.net
93492,Christopher,christopherbrown@example.org
21469,Jessica,jessicaharmon@example.org
57143,Kimberly,kimberlyjohnson@example.org
7850,Michelle,michellejohnson@example.org
73932,Rachel,rachelbarrera@example.net
12071,Sheri,sherimora@example.org
92670,Terry,terrysalazar@example.com
83360,Jason,jasonmolina@example.org
27801,Mark,markwilliams@example.net
34863,Rebecca,rebeccadouglas@example.org
45242,Joseph,josephsmith@example.org
15741,Julie,juliepittman@example.org
33416,Corey,coreyward@example.com
76565,Brandon,brandonhill@example.net
46534,Derrick,derrickgreen@example.org
85209,Edward,edwardcolon@example.org
45954,Ellen,ellenjones@example.net
36604,Eric,ericmelendez@example.org
76828,Melissa,melissakeller@example.com
19432,Wendy,wendyhiggins@example.org
58703,Corey,coreyarcher@example.com
84937,Taylor,taylorsaunders@example.org
72037,Kelly,kellyanderson@example.com
99218,Christopher,christophergraham@example.org
55492,Paula,paulahouston@example.org
47103,Rachel,rachelhanna@example.com
5571,Michael,michaelsanders@example.org
33245,Roger,rogersutton@example.org
29830,Jacqueline,jacquelinenavarro@example.com
16019,Jessica,jessicaharris@example.com
54977,Anna,annajenkins@example.com
8697,Chloe,chloepark@example.org
9724,Natalie,nataliebrown@example.com
78930,Tiffany,tiffanyturner@example.org
19682,Elizabeth,elizabethhart@example.org
44805,Joseph,josephmaddox@example.net
49556,Teresa,teresawells@example.com
27809,Joseph,josephclark@example.com
29174,Barbara,barbarafitzpatrick@example.org
87632,Samantha,samanthaturner@example.org
25563,Ryan,ryangreen@example.net
52505,Carol,carolpatterson@example.com
15807,Jeffrey,jeffreyfuller@example.com
66516,Steven,stevennavarro@example.net
91964,Crystal,crystalsmith@example.net
92689,Theresa,theresafernandez@example.org
76764,Leslie,lesliemcmahon@example.com
78831,Joel,joelriley@example.net
59700,Janice,janicewatts@example.net
54257,Jeffrey,jeffreyspencer@example.net
39293,Keith,keithmorgan@example.net
5314,Anna,annaking@example.com
27599,Anthony,anthonydaniels@example.net
72587,Daniel,danieljohnston@example.com
50217,Rebecca,rebeccahamilton@example.com
12868,Julia,juliahernandez@example.org
41890,Kevin,kevinmatthews@example.com
97355,Jacqueline,jacquelineross@example.net
54042,Ronnie,ronniethompson@example.com
76937,Stephanie,stephaniegutierrez@example.com
86408,Robert,robertshah@example.net
22286,Christine,christineyoung@example.org
23061,Bradley,bradleyparker@example.net
24545,Michael,michaelgallegos@example.net
12112,Kathryn,kathrynserrano@example.org
55720,Megan,meganschroeder@example.net
50248,Julie,julielane@example.org
56880,Brian,brianjoseph@example.net
23965,Sarah,sarahrodriguez@example.org
88497,Donald,donaldberg@example.org
32932,Kelli,kellivasquez@example.com
95461,Maria,mariagordon@example.org
51006,Lorraine,lorrainejohnson@example.com
3635,Kimberly,kimberlyfleming@example.net
7618,Paul,paulmiller@example.net
69442,Dana,danasmith@example.net
84524,Mary,maryprice@example.net
61367,Amanda,amandaharvey@example.com
73645,Juan,juanrice@example.com
91817,Corey,coreydavis@example.net
63972,Andre,andrecastillo@example.com
49419,Edward,edwardrodgers@example.net
60096,Lisa,lisamcclure@example.com
43780,Crystal,crystalhill@example.org
3782,Steven,stevencuevas@example.com
72819,Bianca,biancamcdonald@example.com
32843,Kristi,kristisnyder@example.net
25955,Mitchell,mitchellromero@example.com
4108,Robert,robertsolis@example.net
43713,Michael,michaelsmith@example.com
36565,Jason,jasongardner@example.org
9926,Harold,haroldbaker@example.com
2728,Eric,ericbaker@example.com
29422,Charles,charlesmontes@example.com
61825,Kara,karalee@example.org
74549,Connie,connierandall@example.net
14406,Jacob,jacobellis@example.net
10856,Jack,jackshort@example.net
40962,Heather,heathergonzales@example.net
70798,Bailey,baileywalker@example.org
75712,Connor,connorbradford@example.net
3158,Mike,mikecampbell@example.com
95428,William,williamwilliams@example.com
85556,Kevin,kevincarter@example.org
68341,Kevin,kevincarey@example.net
6865,Toni,toniphillips@example.net
23785,Robert,robertwilliams@example.org
18789,Jake,jakesloan@example.org
34400,Douglas,douglasperry@example.com
43774,Donald,donaldrodriguez@example.net
90826,Don,donsmith@example.com
49453,Amy,amystewart@example.net
8276,Brian,brianwillis@example.net
39944,Brianna,briannamcmahon@example.com
67865,Linda,lindaclark@example.org
23241,Matthew,matthewwalton@example.org
14341,Stephen,stephengarcia@example.org
32656,Randall,randallevans@example.org
65330,Michael,michaelhall@example.com
9867,Marcus,marcuswhite@example.com
46706,David,davidwebster@example.org
31476,Tiffany,tiffanygreen@example.org
80042,Amy,amybell@example.com
40263,Christina,christinasantiago@example.com
55339,Randy,randybecker@example.com
20339,James,jamesnguyen@example.com
75975,Angela,angelasmith@example.org
59885,Casey,caseyrichardson@example.net
34513,Christopher,christopherburns@example.com
47660,Heather,heathercook@example.org
21253,Daniel,danielhumphrey@example.com
88216,Cheryl,cherylguerrero@example.org
33447,Jeffrey,jeffreyevans@example.com
7903,Teresa,teresafreeman@example.org
60778,Linda,lindadennis@example.com
33625,Steven,stevenholmes@example.org
59979,Samuel,samuelthomas@example.org
98207,Edward,edwardhenderson@example.org
11328,James,jamesgarrett@example.net
23473,Alison,alisondunn@example.org
59411,Blake,blakechen@example.org
59,Micheal,michealbutler@example.org
77521,Amanda,amandaclay@example.org
45807,Samuel,samuelmccarthy@example.com
79242,Jessica,jessicatorres@example.com
8311,Kelly,kellyreed@example.org
51194,Anthony,anthonyharris@example.org
535,Julie,juliepierce@example.com
16576,Ernest,ernestcoleman@example.org
87693,Barbara,barbarabryant@example.net
62673,Anthony,anthonybranch@example.com
95085,Ashley,ashleyrodriguez@example.com
31937,Jason,jasonjordan@example.com
13186,Nathaniel,nathanielrose@example.org
81416,John,johnriley@example.net
61473,James,jamesclark@example.net
14838,Cheryl,cherylrichmond@example.com
43462,Melissa,melissaandrade@example.net
77496,Maria,mariagonzalez@example.org
27063,Robert,robertbrowning@example.com
51420,Zachary,zacharyharris@example.org
58197,Christina,christinacruz@example.org
5580,Samantha,samanthaberry@example.net
54910,Sandra,sandralambert@example.com
30654,Gregory,gregoryorozco@example.org
40821,Amy,amydavis@example.com
489,Misty,mistyyang@example.net
70301,Amber,amberjennings@example.net
55100,Matthew,matthewarmstrong@example.com
47682,Melissa,melissamoreno@example.org
81573,Kelsey,kelseyrobles@example.org
30740,Wendy,wendyosborne@example.org
75799,Tyler,tylerwilcox@example.org
82104,Laura,laurasullivan@example.org
40859,Julie,juliehill@example.com
92854,Jamie,jamiecole@example.net
52423,Caitlin,caitlinmckinney@example.com
95664,Shane,shanemontgomery@example.org
43329,Julia,julialeon@example.org
68461,Connor,connoralvarado@example.org
75599,Christina,christinanovak@example.org
68519,Kristen,kristenjohnson@example.com
69443,Larry,larryhester@example.com
74964,Rhonda,rhondadelgado@example.com
23211,Yvette,yvetteporter@example.org
90989,Charles,charleslane@example.org
85146,Derrick,derrickhart@example.net
95456,Daniel,danielruiz@example.org
87355,David,davidthomas@example.net
38818,Christina,christinaharrington@example.net
1736,Jonathan,jonathanponce@example.com
96649,Jill,jillestes@example.net
39488,Raymond,raymondsantiago@example.net
28419,Jennifer,jenniferbaker@example.org
87073,Christopher,christopherfletcher@example.com
68441,Rebecca,rebeccadixon@example.com
58985,Corey,coreytucker@example.net
97394,Troy,troymaldonado@example.org
24967,Patricia,patriciatorres@example.com
26734,Jacob,jacobturner@example.net
48707,Todd,toddcochran@example.net
57838,David,davidgonzalez@example.net
48518,Jennifer,jenniferconley@example.com
94902,Melvin,melvinjones@example.org
53804,Jeffrey,jeffreyrusso@example.net
86369,Robert,robertyoung@example.org
36536,Jenny,jennyhowell@example.org
96559,Timothy,timothyfrey@example.net
71948,Justin,justincoleman@example.com
72869,Shawn,shawncruz@example.com
57268,Andrea,andreavega@example.org
52044,Karen,karenwheeler@example.org
59321,Christy,christyharris@example.org
631,Susan,susanwright@example.net
66956,Katherine,katherinesmith@example.net
61110,Matthew,matthewtodd@example.net
11478,Donald,donalddrake@example.org
80564,Claire,clairepalmer@example.com
5800,Angela,angelapruitt@example.org
67769,Laura,laurarichardson@example.org
58503,Ashley,ashleyolson@example.com
3797,Sara,sarajohnson@example.net
11900,Madison,madisonclayton@example.com
12386,Jodi,jodicarson@example.com
19952,Joseph,josephlucero@example.net
76272,Kathleen,kathleenmclean@example.net
34683,Tammy,tammyritter@example.net
86802,Michael,michaelhahn@example.net
65913,Tammy,tammyfuentes@example.net
81054,Wesley,wesleylynch@example.net
74891,Caroline,carolinerivera@example.org
44925,Sean,seanchoi@example.com
12220,Bethany,bethanypeterson@example.com
40435,Timothy,timothymaldonado@example.com
28486,Nicole,nicolesingh@example.org
53762,Thomas,thomascline@example.org
93056,Michelle,michellepatel@example.net
88552,Ashley,ashleyriley@example.org
52069,Helen,helenreed@example.org
56553,Kristen,kristenwilson@example.net
71655,Erin,erinwatson@example.org
61535,Chad,chaddavis@example.org
15422,Brittany,brittanyfernandez@example.net
51296,Heather,heathercruz@example.net
41333,William,williamsanders@example.com
18130,Tina,tinapadilla@example.com
84072,Linda,lindaaustin@example.net
54887,Angela,angeladavis@example.org
95992,Kendra,kendrawhitney@example.com
49927,Joseph,josephsalas@example.org
97685,Dillon,dillonpalmer@example.org
12472,Rachael,rachaeljohnson@example.com
81442,Nicole,nicolecantrell@example.net
9630,Joshua,joshuaturner@example.com
96629,Scott,scottpowell@example.org
58440,Francisco,franciscosanchez@example.net
64331,Mark,marknguyen@example.org
18906,Steven,stevencarney@example.com
96247,Derek,derekshepard@example.net
42575,Timothy,timothygardner@example.org
87231,Megan,megantorres@example.com
73394,Michael,michaelrowe@example.net
22609,Chase,chasechurch@example.org
53259,Thomas,thomasbailey@example.org
2673,Melinda,melindawilcox@example.net
23955,Sharon,sharongeorge@example.net
18340,Mark,markspencer@example.org
15978,John,johnjohnson@example.org
96725,Erik,erikevans@example.org
6459,Debra,debrabrown@example.org
436,Mary,marywhite@example.com
15375,Kristina,kristinabaldwin@example.net
91001,Steven,stevengomez@example.org
33320,James,jamesbrown@example.org
45482,Jesse,jessenelson@example.net
82421,Caitlin,caitlincaldwell@example.net
56111,Mark,markjones@example.com
8603,John,johnwood@example.net
76109,Rodney,rodneyshannon@example.org
11464,Marissa,marissahenry@example.net
30621,Keith,keithpitts@example.net
95634,Justin,justinsmith@example.com
12322,John,johnestrada@example.com
89907,David,davidvega@example.net
12345,David,davidbush@example.com
19591,Amy,amywilliams@example.net
18688,Michelle,michelleboone@example.net
30087,Victoria,victoriahudson@example.net
89716,Darlene,darleneclements@example.org
83745,William,williamjohnson@example.net
19934,Joshua,joshuabeasley@example.com
76798,Nathan,nathanwest@example.org
85378,Michelle,michellecastaneda@example.org
46644,Christopher,christopherbeltran@example.org
7292,Wesley,wesleygeorge@example.net
35947,Jim,jimmorris@example.com
38376,Cynthia,cynthiamolina@example.net
834,Alison,alisonsmith@example.com
40151,Amanda,amandakennedy@example.com
89004,Martin,martinrodriguez@example.org
63597,Michael,michaelmoreno@example.net
5360,Jonathan,jonathanreid@example.com
86589,Adam,adamlam@example.net
56341,Matthew,matthewmorales@example.net
67702,Joshua,joshuagibson@example.com
3532,Michele,micheledavid@example.com
43531,Mark,markellis@example.com
28072,Anthony,anthonyellison@example.net
88721,Christopher,christophermitchell@example.org
89407,Nicholas,nicholassloan@example.net
6721,Jeffrey,jeffreyrobertson@example.net
26900,Brett,brettmitchell@example.net
59213,Brenda,brendagarcia@example.net
75332,John,johnlopez@example.com
15789,Amanda,amandalogan@example.org
81185,David,davidlong@example.org
23469,Susan,susanwilliams@example.org
77117,Sonya,sonyalopez@example.net
16953,Dylan,dylanbass@example.net
64439,Derek,derekvelasquez@example.com
14121,Susan,susansanchez@example.org
1594,Kristin,kristinmoore@example.org
82521,Alexander,alexandergross@example.org
41867,Tracey,traceycollins@example.net
84037,Donna,donnapatel@example.net
94073,Lindsey,lindseypatel@example.net
49197,Scott,scottterrell@example.org
19456,David,davidli@example.com
51524,Anthony,anthonynelson@example.org
13192,Blake,blakenorton@example.org
11437,Kevin,kevincarter@example.net
28823,Caitlin,caitlinjohnson@example.com
21456,Frank,franksanchez@example.org
22561,Ryan,ryantaylor@example.org
14038,Larry,larrylove@example.org
47502,Claudia,claudiaconner@example.org
4590,Traci,tracihardin@example.org
42951,Richard,richardbryant@example.com
38170,Mary,marymendoza@example.net
88747,John,johnhodge@example.com
12176,Kelly,kellycardenas@example.net
52661,Christine,christinemorton@example.net
54640,Jennifer,jenniferlin@example.org
41685,Austin,austinhuynh@example.com
2849,Jonathan,jonathansmith@example.org
60490,Denise,denisegreen@example.net
86489,Eric,ericsingh@example.com
67322,Ellen,ellensimon@example.com
89105,Christian,christianrobertson@example.net
62970,Stephanie,stephaniecarpenter@example.com
64077,Ralph,ralphelliott@example.net
31581,Courtney,courtneybrown@example.org
80841,Michele,michelepowers@example.net
97817,Paula,paulahicks@example.com
53231,Patricia,patriciacox@example.net
40391,Steven,steventhompson@example.org
86314,Katherine,katherinejones@example.org
41942,April,aprilblake@example.org
2619,Teresa,teresamercer@example.com
55410,Eric,ericsmith@example.net
50642,Sarah,sarahrobertson@example.org
8267,Anthony,anthonyjohnson@example.net
34117,Judith,judithdunlap@example.org
91479,William,williamjohnson@example.org
94738,Deborah,deborahhunt@example.org
6915,Anthony,anthonycrawford@example.org
56747,Stephen,stephenhill@example.com
65719,Tracy,tracywalker@example.net
17398,Michael,michaelrivera@example.net
31804,Susan,susanperez@example.com
37014,Christian,christianmills@example.org
79448,Alexis,alexisford@example.com
74501,Denise,denisemelton@example.org
20599,Shaun,shaungill@example.com
33959,Anna,annabell@example.net
39949,Samantha,samanthacunningham@example.org
8279,Gregory,gregorymckay@example.com
84063,Paul,paulnash@example.net
31871,Tracy,tracybrady@example.org
25215,Monica,monicaburgess@example.net
60181,Ronnie,ronniegarcia@example.org
28243,Dorothy,dorothykemp@example.net
4478,Ann,annnguyen@example.net
13079,Connor,connorgarza@example.org
23718,Vanessa,vanessahernandez@example.com
25509,Eric,ericsmith@example.net
78330,Jessica,jessicaphillips@example.org
54112,Maria,mariawhite@example.org
36322,Kathryn,kathryncooper@example.com
40905,Mark,markbullock@example.org
41566,Stephanie,stephanieadams@example.org
376,Cassandra,cassandraphillips@example.net
58673,Kenneth,kennethjohnson@example.net
17308,Michelle,michellesimpson@example.net
36388,Nicole,nicoleweber@example.org
43679,Julie,julieyoder@example.net
82355,Michelle,michellebecker@example.net
68663,Carla,carlasmith@example.net
62036,Anthony,anthonyoliver@example.org
683,Amanda,amandahamilton@example.org
60394,Jillian,jillianrodriguez@example.com
84917,Karen,karenmurphy@example.org
99499,Kevin,kevinjohnson@example.com
45300,Ryan,ryanwarren@example.com
70457,Joshua,joshuahernandez@example.net
47948,Kathleen,kathleenvasquez@example.net
88495,Allison,allisonvelazquez@example.net
70770,Aaron,aaronphillips@example.com
42395,Nicholas,nicholasclark@example.net
99328,Timothy,timothyhodge@example.net
62998,Jason,jasongomez@example.org
47472,Hannah,hannahgonzalez@example.org
90979,James,jamessingleton@example.com
51403,Lori,loringuyen@example.org
67262,Lauren,laurenwebb@example.net
99120,Tyler,tylerwhite@example.org
39914,Emily,emilymoyer@example.net
51111,Adrienne,adriennethomas@example.com
44359,Natasha,natashahenderson@example.org
16196,Michael,michaelruiz@example.org
64882,Chloe,chloeharris@example.com
11236,Amy,amywhite@example.org
9416,Christopher,christopherthompson@example.org
88649,Alejandra,alejandracallahan@example.net
53494,Tina,tinawalsh@example.org
60771,Justin,justingarcia@example.org
2390,Joseph,josephpierce@example.com
75908,Rita,ritavincent@example.net
15451,Christopher,christophervega@example.com
17810,Margaret,margaretbuchanan@example.org
93836,Andrew,andrewwright@example.com
90925,David,davidsmith@example.org
30014,Chad,chadhuynh@example.com
14818,Leah,leahlang@example.net
9355,Keith,keithlopez@example.net
96564,Randall,randallruiz@example.com
27404,Martha,marthabyrd@example.net
40536,Brian,briannichols@example.com
30657,Randall,randallfernandez@example.net
21533,Steven,stevenmiller@example.com
13652,Amber,ambercharles@example.com
87767,Joseph,josephchurch@example.org
77381,Jennifer,jenniferharris@example.com
13302,Erik,erikthornton@example.net
80904,John,johnpratt@example.com
6594,Rebecca,rebeccajones@example.net
540,Danielle,daniellemiller@example.org
13151,Nicole,nicolerose@example.com
16195,Karen,karenirwin@example.org
32145,Lindsay,lindsaywoods@example.org
24491,Sonya,sonyadickson@example.net
8421,Rachel,rachelmiller@example.net
13215,Carl,carlbright@example.org
47462,Thomas,thomasdavis@example.com
75770,Rachael,rachaelcampbell@example.com
52051,John,johnzhang@example.org
69837,Harold,haroldreyes@example.net
20534,Charles,charlescooper@example.net
74020,Andrew,andrewjones@example.net
80871,Cynthia,cynthiaandrade@example.net
74661,Brandi,brandischroeder@example.net
16003,Erica,ericachavez@example.org
39364,Joshua,joshuacastillo@example.net
78617,Jordan,jordanlarson@example.org
44539,Robert,robertwood@example.com
68930,Brianna,briannasalazar@example.org
34361,Jessica,jessicabarnes@example.com
3099,Kevin,kevinferguson@example.com
73508,Derrick,derrickwarren@example.net
44164,Patrick,patrickjones@example.com
91551,Bradley,bradleydavis@example.org
45500,Gary,garybean@example.net
11875,Laura,lauragreen@example.org
41643,Robert,robertacevedo@example.net
56615,Christina,christinaandrews@example.org
82964,Thomas,thomasfitzgerald@example.net
16890,Gregory,gregorywhite@example.net
40580,Dwayne,dwaynethompson@example.net
7645,Ryan,ryanbaker@example.org
70222,Crystal,crystalhudson@example.com
47550,Katherine,katherinehenderson@example.org
31597,Robert,robertcompton@example.com
90168,John,johnmartin@example.com
70351,Richard,richardgibbs@example.com
52219,Allen,allenmurray@example.net
46530,Michelle,michellemartinez@example.com
71406,Barbara,barbaramorales@example.org
24556,Heather,heatheranderson@example.org
74677,Amanda,amandakennedy@example.com
26197,Luis,luisbrown@example.net
78608,Alex,alexrollins@example.net
8021,William,williamevans@example.com
32158,Sarah,sarahmoore@example.com
54290,Karen,karenscott@example.org
65023,Claire,claireguzman@example.com
93851,Leslie,lesliehart@example.org
26989,Natalie,natalieporter@example.net
89966,Angie,angieedwards@example.com
19494,Dana,danahardin@example.org
89176,Erika,erikaparker@example.com
92422,Elizabeth,elizabethpotts@example.org
95821,Tara,taramendez@example.net
77536,Benjamin,benjaminmitchell@example.net
85795,Kevin,kevinjackson@example.org
41741,Linda,lindaramsey@example.net
24384,Carol,carolgarrett@example.com
74450,James,jameshanson@example.org
25051,Kenneth,kennethmartinez@example.net
28985,Lindsay,lindsaydougherty@example.org
28837,Karen,karenhumphrey@example.net
29724,Tara,taraolsen@example.com
85232,Rhonda,rhondagibbs@example.org
48302,Donna,donnathompson@example.org
1522,Joyce,joyceramirez@example.com
70846,Donald,donaldfitzgerald@example.com
23659,Erin,erinwilliams@example.net
99773,Becky,beckystewart@example.org
70953,Michael,michaelanderson@example.com
45921,Kelly,kellymeyer@example.com
29462,Jennifer,jenniferevans@example.com
25156,Dawn,dawnalvarez@example.com
87159,George,georgedeleon@example.com
95030,Shannon,shannonwilson@example.com
34280,Joseph,josephnelson@example.com
55782,Michael,michaelchen@example.com
88844,Jason,jasonsimmons@example.org
35871,Amanda,amandapierce@example.net
33909,Joseph,josephflores@example.net
73712,Diana,dianajimenez@example.com
75931,Jeremiah,jeremiahcline@example.net
40358,Paul,paulsmith@example.org
85897,Kimberly,kimberlyperry@example.net
66429,Benjamin,benjaminnixon@example.net
59486,Amber,amberweber@example.org
96195,Jason,jasonmoreno@example.org
17718,Ronald,ronaldnguyen@example.net
88629,Douglas,douglaswillis@example.com
75815,Jamie,jamienunez@example.org
49203,Nathan,nathanlambert@example.com
29684,Chelsea,chelseaclayton@example.org
25371,James,jamesbarron@example.com
5203,Benjamin,benjaminhill@example.com
2876,Jaclyn,jaclynjones@example.net
41743,Timothy,timothyrandall@example.net
8455,Benjamin,benjaminthomas@example.com
61597,Robert,robertwebb@example.org
1344,Madeline,madelinebarrera@example.org
29751,Yvonne,yvonnepadilla@example.net
30900,Tiffany,tiffanymoreno@example.org
84711,Christopher,christopherphelps@example.org
81816,Kimberly,kimberlyjohnson@example.com
64991,Nichole,nicholewagner@example.net
55426,Debbie,debbiereid@example.org
91251,Natalie,nataliesanchez@example.com
44856,Brandon,brandonthompson@example.org
84407,Todd,toddelliott@example.com
70255,Dustin,dustinlewis@example.net
80196,Christian,christianmccormick@example.com
15025,Alicia,aliciafletcher@example.com
19996,Xavier,xaviershaw@example.net
37043,Jeffrey,jeffreyrodriguez@example.com
46839,Nicholas,nicholasevans@example.com
29836,Kayla,kaylagomez@example.com
80282,Justin,justinolson@example.net
60012,Michael,michaelnorman@example.net
70761,Tina,tinafischer@example.net
49301,Suzanne,suzannedavis@example.net
65224,Denise,denisechurch@example.org
361,Jeffrey,jeffreygarcia@example.com
52663,Kimberly,kimberlyfox@example.org
21344,Douglas,douglaspierce@example.org
49801,Timothy,timothymatthews@example.com
28320,Jack,jackarnold@example.net
405,Ronald,ronaldthompson@example.net
16903,Amber,ambergregory@example.org
63116,Melissa,melissarogers@example.com
2528,Wayne,waynepalmer@example.net
76715,Christine,christineesparza@example.net
48266,Michael,michaelward@example.net
12769,Eric,ericstokes@example.org
24128,Kenneth,kennethharvey@example.net
38054,Cory,corywatts@example.net
19959,Angela,angelataylor@example.com
61152,Jeff,jeffhodges@example.com
33918,Robert,robertperkins@example.org
95451,James,jameslewis@example.net
72806,Steven,stevenmunoz@example.net
64676,Raymond,raymondjohnson@example.com
71985,James,jamesgeorge@example.net
15182,Blake,blakecontreras@example.com
63504,Andrea,andreasmith@example.org
56912,Gregory,gregoryknight@example.net
11277,Jo,jowalton@example.org
73736,Edward,edwardsweeney@example.net
67390,Rebecca,rebeccaking@example.net
808,Mark,markaguilar@example.org
96839,Michael,michaelwilliamson@example.com
28870,Alicia,aliciachavez@example.org
66976,Laura,laurawilson@example.net
75289,Rita,ritaramirez@example.org
81758,Eric,ericjackson@example.org
58566,Megan,meganrodriguez@example.org
83316,Jenny,jennycain@example.org
54751,Melanie,melaniebryant@example.net
30440,Michael,michaelsalinas@example.org
42050,Daniel,danieljackson@example.net
56397,Douglas,douglasmueller@example.org
15091,Savannah,savannahvaughan@example.com
83724,Matthew,matthewchapman@example.net
34637,Dustin,dustinallen@example.net
18500,Dean,deanrandolph@example.org
20817,John,johnrosario@example.com
36094,Julia,juliawilson@example.org
45014,Erin,erinlewis@example.com
78680,Stephanie,stephanieingram@example.org
88586,Veronica,veronicanorris@example.org
29505,Mark,markhuff@example.com
32181,James,jamesroman@example.org
48505,Michael,michaelharris@example.org
522,Ashley,ashleycollins@example.com
27374,Kelly,kellydeleon@example.net
85487,Karen,karenpatel@example.org
23258,Michelle,michellesellers@example.net
55395,Olivia,oliviapotter@example.org
16334,Tiffany,tiffanylewis@example.org
75312,Raymond,raymondcobb@example.com
34281,Stacey,staceydominguez@example.net
85324,Nicole,nicolewelch@example.com
56450,John,johnbrown@example.org
16226,Aaron,aaroncuevas@example.org
37222,Douglas,douglasrivera@example.net
90812,Jack,jackjohnson@example.com
26650,Terry,terrymartin@example.net
94659,Tiffany,tiffanyclark@example.com
31946,Kevin,kevinjohnson@example.com
65901,Stacey,staceymanning@example.net
56315,Melinda,melindahall@example.com
27527,Michele,michelemorrison@example.org
91405,Andrea,andreabyrd@example.com
22279,Melanie,melaniebrown@example.org
66527,Daniel,danielcallahan@example.net
65408,Alicia,aliciapayne@example.com
8139,David,davidkidd@example.org
22748,Kayla,kaylarosario@example.net
74325,Jessica,jessicaaguilar@example.net
73788,Sarah,sarahjordan@example.net
45375,Ricardo,ricardolee@example.net
34754,Alicia,aliciaspencer@example.com
66791,Douglas,douglascarter@example.net
98241,Amy,amyfleming@example.com
36857,Anthony,anthonyayers@example.com
43465,Matthew,matthewmorrison@example.com
9983,Colleen,colleencrane@example.net
